{"stats":{"minecraft:crafted":{"minecraft:oak_planks":20,"pixelmon:yellow_berry_wood_planks":12,"minecraft:oak_button":1},"minecraft:picked_up":{"minecraft:potato":10,"pixelmon:poke_ball":5,"minecraft:oak_log":5,"minecraft:string":1,"minecraft:dirt":7,"pixelmon:leppa_berry":1,"pixelmon:berry_leaves_payapa":1,"minecraft:wheat_seeds":3,"tcg:card":3,"pixelmon:platinum_ingot":3,"tcg:deck":1,"minecraft:jungle_door":2,"pixelmon:apricorn_log":3,"pixelmon:tm_gen9":1,"minecraft:carrot":143,"pixelmon:shiny_stone":1,"minecraft:light_gray_concrete":3,"pixelmon:silver_ingot":1,"minecraft:diamond":18,"pixelmon:ultra_jungle_leaves":1,"minecraft:bread":1,"minecraft:oak_sapling":1,"minecraft:black_wool":1,"minecraft:mutton":3,"minecraft:white_wool":1},"minecraft:dropped":{"pixelmon:den_spawner":1,"minecraft:wheat_seeds":3,"pixelmon:shiny_stone":1,"pixelmon:water_stone_pickaxe":1,"pixelmon:tm_gen9":1,"pixelmon:leppa_berry":1,"minecraft:chainmail_chestplate":1,"pixelmon:fire_stone":1,"pixelmon:platinum_ingot":3,"pixelmon:pokemail_grass_closed":1,"pixelmon:crystal_pickaxe":1,"pixelmon:big_malasada":1,"pixelmon:ultra_jungle_leaves":1,"minecraft:jungle_door":2,"minecraft:arrow":2,"minecraft:string":1,"pixelmon:poke_ball":9,"pixelmon:yellow_berry_wood_planks":11},"minecraft:custom":{"minecraft:interact_with_smithing_table":1,"minecraft:interact_with_furnace":2,"minecraft:mob_kills":2,"minecraft:interact_with_cartography_table":1,"minecraft:tune_noteblock":8,"minecraft:open_barrel":32,"minecraft:interact_with_loom":4,"minecraft:bell_ring":1,"minecraft:eat_cake_slice":2,"minecraft:interact_with_grindstone":1,"minecraft:leave_game":27,"minecraft:time_since_death":175618,"minecraft:sleep_in_bed":2,"minecraft:climb_one_cm":6645,"minecraft:time_since_rest":76298,"minecraft:sprint_one_cm":246324,"minecraft:damage_taken":608,"minecraft:walk_one_cm":129328,"minecraft:drop":32,"minecraft:damage_dealt":199,"minecraft:swim_one_cm":5137,"minecraft:fly_one_cm":653924,"minecraft:open_chest":44,"minecraft:play_time":175618,"minecraft:crouch_one_cm":4985,"minecraft:sneak_time":3598,"minecraft:walk_under_water_one_cm":2339,"minecraft:interact_with_lectern":1,"minecraft:aviate_one_cm":1287004,"minecraft:jump":1249,"minecraft:interact_with_brewingstand":4,"minecraft:interact_with_blast_furnace":3,"minecraft:walk_on_water_one_cm":3910,"minecraft:interact_with_smoker":2,"minecraft:total_world_time":175618,"minecraft:fall_one_cm":81549,"minecraft:inspect_dispenser":2,"minecraft:horse_one_cm":161767},"minecraft:mined":{"minecraft:dark_oak_planks":1,"pixelmon:mower":1,"minecraft:diamond_ore":18,"minecraft:tube_coral":1,"pixelmon:apricorn_leaves_black":3,"minecraft:dandelion":1,"pixelmon:berry_plant_leppa":1,"minecraft:fire_coral":1,"minecraft:grass_block":9,"minecraft:brain_coral_fan":1,"minecraft:tall_grass":8,"pixelmon:ultra_jungle_leaves":1,"minecraft:horn_coral":1,"minecraft:carrots":38,"minecraft:grass":40,"pixelmon:berry_leaves_cornn":2,"minecraft:potatoes":4,"minecraft:oak_log":6,"minecraft:dirt_path":2,"pixelmon:apricorn_log":3,"minecraft:light_gray_concrete":3,"minecraft:dirt":6,"pixelmon:berry_leaves_lum":1,"pixelmon:berry_leaves_payapa":1,"minecraft:oak_leaves":8,"pixelmon:boulder":1},"minecraft:killed":{"minecraft:sheep":2},"minecraft:used":{"pixelmon:legendary_pokestop":1,"pixelmon:iron_hammer":3,"minecraft:elytra":7,"minecraft:oak_planks":19,"pixelmon:amethyst_hoe":2,"minecraft:ender_pearl":1,"pixelmon:netherite_hammer":2,"pixelmon:berry_leaves_payapa":1,"minecraft:chest":2,"pixelmon:leppa_berry":1,"pixelmon:sitrus_berry":1,"pixelmon:cheri_berry":1,"pixelmon:master_chest":1,"minecraft:white_wool":1,"minecraft:dirt":6,"minecraft:mutton":2,"minecraft:chainmail_chestplate":1,"pixelmon:crystal_pickaxe":6,"minecraft:carrot":52,"minecraft:golden_chestplate":5,"pixelmon:amethyst_shovel":19,"pixelmon:oran_berry":1,"pixelmon:fire_stone_pickaxe":7,"pixelmon:yellow_berry_wood_planks":1,"minecraft:black_wool":1,"minecraft:firework_rocket":289,"minecraft:light_gray_concrete":3,"pixelmon:new_running_boots":1,"minecraft:oak_button":1,"minecraft:bread":10,"pixelmon:moon_stone_hammer":1,"minecraft:diamond_ore":22,"pixelmon:water_stone_pickaxe":1,"pixelmon:silver_hammer":8,"minecraft:jungle_door":2,"minecraft:potato":10,"tcg:deck":18,"minecraft:splash_potion":2}},"DataVersion":3465}