{"stats":{"minecraft:used":{"minecraft:black_wool":1,"pixelmon:iron_hammer":3,"minecraft:light_gray_concrete":3,"minecraft:bread":1,"minecraft:oak_button":1,"pixelmon:amethyst_hoe":2,"minecraft:white_wool":1,"minecraft:dirt":6,"minecraft:mutton":2,"minecraft:chainmail_chestplate":1,"pixelmon:silver_hammer":3,"minecraft:carrot":4,"minecraft:potato":10,"pixelmon:amethyst_shovel":5,"tcg:deck":18},"minecraft:mined":{"minecraft:dark_oak_planks":1,"pixelmon:apricorn_leaves_black":3,"minecraft:carrots":4,"minecraft:grass":13,"minecraft:potatoes":4,"minecraft:grass_block":4,"minecraft:oak_log":6,"minecraft:dirt_path":2,"minecraft:light_gray_concrete":3,"minecraft:dirt":6,"minecraft:tall_grass":5,"minecraft:oak_leaves":1,"pixelmon:boulder":1},"minecraft:picked_up":{"minecraft:potato":10,"pixelmon:poke_ball":5,"minecraft:oak_log":5,"minecraft:carrot":17,"minecraft:dirt":6,"minecraft:light_gray_concrete":3,"pixelmon:silver_ingot":1,"minecraft:wheat_seeds":1,"tcg:card":3,"pixelmon:platinum_ingot":2,"tcg:deck":1,"minecraft:black_wool":1,"minecraft:mutton":3,"minecraft:white_wool":1},"minecraft:custom":{"minecraft:time_since_rest":61660,"minecraft:interact_with_smithing_table":1,"minecraft:interact_with_furnace":2,"minecraft:sprint_one_cm":72054,"minecraft:damage_taken":100,"minecraft:walk_one_cm":59968,"minecraft:mob_kills":2,"minecraft:drop":3,"minecraft:damage_dealt":160,"minecraft:interact_with_cartography_table":1,"minecraft:tune_noteblock":8,"minecraft:fly_one_cm":176144,"minecraft:open_barrel":14,"minecraft:open_chest":6,"minecraft:play_time":61660,"minecraft:crouch_one_cm":1383,"minecraft:interact_with_loom":3,"minecraft:sneak_time":856,"minecraft:interact_with_lectern":1,"minecraft:jump":410,"minecraft:interact_with_brewingstand":2,"minecraft:interact_with_grindstone":1,"minecraft:interact_with_blast_furnace":2,"minecraft:leave_game":8,"minecraft:time_since_death":61660,"minecraft:climb_one_cm":128,"minecraft:interact_with_smoker":2,"minecraft:total_world_time":61660,"minecraft:fall_one_cm":11816,"minecraft:inspect_dispenser":2,"minecraft:horse_one_cm":75143},"minecraft:crafted":{"minecraft:oak_planks":20,"minecraft:oak_button":1},"minecraft:dropped":{"pixelmon:platinum_ingot":1,"pixelmon:pokemail_grass_closed":1,"minecraft:wheat_seeds":1},"minecraft:killed":{"minecraft:sheep":2}},"DataVersion":3465}