{"stats":{"minecraft:crafted":{"minecraft:oak_planks":20,"pixelmon:yellow_berry_wood_planks":12,"minecraft:oak_button":1},"minecraft:picked_up":{"minecraft:potato":10,"pixelmon:poke_ball":5,"minecraft:oak_log":5,"minecraft:dirt":6,"pixelmon:leppa_berry":1,"pixelmon:berry_leaves_payapa":1,"minecraft:wheat_seeds":3,"tcg:card":3,"pixelmon:platinum_ingot":3,"tcg:deck":1,"minecraft:jungle_door":2,"pixelmon:apricorn_log":3,"minecraft:carrot":143,"minecraft:light_gray_concrete":3,"pixelmon:silver_ingot":1,"minecraft:bread":1,"minecraft:oak_sapling":1,"minecraft:black_wool":1,"minecraft:mutton":3,"minecraft:white_wool":1},"minecraft:dropped":{"minecraft:wheat_seeds":3,"pixelmon:tm_gen9":1,"pixelmon:leppa_berry":1,"minecraft:chainmail_chestplate":1,"pixelmon:platinum_ingot":3,"pixelmon:pokemail_grass_closed":1,"pixelmon:big_malasada":1,"minecraft:jungle_door":2,"pixelmon:poke_ball":9,"pixelmon:yellow_berry_wood_planks":11},"minecraft:custom":{"minecraft:interact_with_smithing_table":1,"minecraft:interact_with_furnace":2,"minecraft:mob_kills":2,"minecraft:interact_with_cartography_table":1,"minecraft:tune_noteblock":8,"minecraft:open_barrel":32,"minecraft:interact_with_loom":4,"minecraft:bell_ring":1,"minecraft:eat_cake_slice":2,"minecraft:interact_with_grindstone":1,"minecraft:leave_game":14,"minecraft:time_since_death":112797,"minecraft:sleep_in_bed":2,"minecraft:climb_one_cm":1653,"minecraft:time_since_rest":13477,"minecraft:sprint_one_cm":170772,"minecraft:damage_taken":450,"minecraft:walk_one_cm":106221,"minecraft:drop":23,"minecraft:damage_dealt":199,"minecraft:swim_one_cm":2117,"minecraft:fly_one_cm":335338,"minecraft:open_chest":35,"minecraft:crouch_one_cm":2752,"minecraft:play_time":112797,"minecraft:sneak_time":1255,"minecraft:walk_under_water_one_cm":298,"minecraft:interact_with_lectern":1,"minecraft:jump":1099,"minecraft:interact_with_brewingstand":4,"minecraft:interact_with_blast_furnace":3,"minecraft:walk_on_water_one_cm":704,"minecraft:interact_with_smoker":2,"minecraft:total_world_time":112797,"minecraft:fall_one_cm":38457,"minecraft:inspect_dispenser":2,"minecraft:horse_one_cm":161767},"minecraft:mined":{"minecraft:dark_oak_planks":1,"pixelmon:mower":1,"pixelmon:apricorn_leaves_black":3,"minecraft:dandelion":1,"pixelmon:berry_plant_leppa":1,"minecraft:grass_block":7,"minecraft:tall_grass":8,"minecraft:carrots":38,"minecraft:grass":40,"minecraft:potatoes":4,"pixelmon:berry_leaves_cornn":2,"minecraft:oak_log":6,"minecraft:dirt_path":2,"pixelmon:apricorn_log":3,"minecraft:light_gray_concrete":3,"minecraft:dirt":6,"pixelmon:berry_leaves_lum":1,"pixelmon:berry_leaves_payapa":1,"minecraft:oak_leaves":8,"pixelmon:boulder":1},"minecraft:killed":{"minecraft:sheep":2},"minecraft:used":{"pixelmon:iron_hammer":3,"minecraft:oak_planks":19,"pixelmon:amethyst_hoe":2,"pixelmon:berry_leaves_payapa":1,"minecraft:chest":2,"pixelmon:leppa_berry":1,"pixelmon:sitrus_berry":1,"pixelmon:cheri_berry":1,"pixelmon:master_chest":1,"minecraft:white_wool":1,"minecraft:dirt":6,"minecraft:mutton":2,"minecraft:chainmail_chestplate":1,"minecraft:carrot":52,"pixelmon:amethyst_shovel":19,"pixelmon:oran_berry":1,"pixelmon:yellow_berry_wood_planks":1,"minecraft:black_wool":1,"minecraft:light_gray_concrete":3,"minecraft:bread":7,"minecraft:oak_button":1,"pixelmon:silver_hammer":4,"minecraft:jungle_door":2,"minecraft:potato":10,"tcg:deck":18}},"DataVersion":3465}