{"stats":{"minecraft:used":{"minecraft:black_wool":1,"minecraft:bread":1,"minecraft:white_wool":1,"minecraft:dirt":6,"minecraft:mutton":2,"minecraft:carrot":2,"minecraft:potato":10,"tcg:deck":8},"minecraft:mined":{"minecraft:dark_oak_planks":1,"minecraft:carrots":4,"minecraft:grass":13,"minecraft:grass_block":3,"minecraft:potatoes":4,"minecraft:oak_log":5,"minecraft:dirt":3,"minecraft:tall_grass":5,"minecraft:oak_leaves":1},"minecraft:picked_up":{"minecraft:potato":10,"pixelmon:poke_ball":1,"minecraft:oak_log":5,"minecraft:carrot":17,"minecraft:dirt":6,"minecraft:wheat_seeds":1,"minecraft:black_wool":1,"minecraft:mutton":3,"minecraft:white_wool":1},"minecraft:custom":{"minecraft:time_since_rest":42582,"minecraft:interact_with_furnace":1,"minecraft:sprint_one_cm":46114,"minecraft:damage_taken":80,"minecraft:walk_one_cm":28449,"minecraft:mob_kills":2,"minecraft:drop":2,"minecraft:damage_dealt":160,"minecraft:interact_with_cartography_table":1,"minecraft:fly_one_cm":161285,"minecraft:open_barrel":6,"minecraft:open_chest":3,"minecraft:interact_with_loom":1,"minecraft:crouch_one_cm":1382,"minecraft:play_time":42582,"minecraft:sneak_time":682,"minecraft:jump":284,"minecraft:interact_with_brewingstand":1,"minecraft:interact_with_grindstone":1,"minecraft:leave_game":5,"minecraft:time_since_death":42582,"minecraft:total_world_time":42582,"minecraft:interact_with_smoker":2,"minecraft:fall_one_cm":8739,"minecraft:inspect_dispenser":2,"minecraft:horse_one_cm":22734},"minecraft:crafted":{"minecraft:oak_planks":20},"minecraft:dropped":{"pixelmon:pokemail_grass_closed":1,"minecraft:wheat_seeds":1},"minecraft:killed":{"minecraft:sheep":2}},"DataVersion":3465}