{"stats":{"minecraft:used":{"minecraft:white_wool":1,"minecraft:black_wool":1,"minecraft:dirt":6,"minecraft:mutton":2},"minecraft:crafted":{"minecraft:oak_planks":20},"minecraft:custom":{"minecraft:time_since_rest":31049,"minecraft:crouch_one_cm":1194,"minecraft:sprint_one_cm":18709,"minecraft:play_time":31049,"minecraft:walk_one_cm":6432,"minecraft:sneak_time":606,"minecraft:mob_kills":2,"minecraft:drop":1,"minecraft:jump":184,"minecraft:damage_dealt":160,"minecraft:leave_game":5,"minecraft:time_since_death":31049,"minecraft:total_world_time":31049,"minecraft:fall_one_cm":4414,"minecraft:fly_one_cm":39624},"minecraft:killed":{"minecraft:sheep":2},"minecraft:mined":{"minecraft:grass":12,"minecraft:grass_block":3,"minecraft:oak_log":5,"minecraft:dirt":3,"minecraft:tall_grass":5,"minecraft:oak_leaves":1},"minecraft:picked_up":{"minecraft:wheat_seeds":1,"minecraft:oak_log":5,"minecraft:black_wool":1,"minecraft:mutton":3,"minecraft:dirt":6,"minecraft:white_wool":1},"minecraft:dropped":{"minecraft:wheat_seeds":1}},"DataVersion":3465}