{"stats":{"minecraft:used":{"minecraft:white_wool":1,"minecraft:black_wool":1,"minecraft:dirt":6},"minecraft:custom":{"minecraft:time_since_rest":5432,"minecraft:crouch_one_cm":238,"minecraft:sprint_one_cm":2877,"minecraft:play_time":5432,"minecraft:walk_one_cm":1273,"minecraft:sneak_time":100,"minecraft:mob_kills":2,"minecraft:jump":51,"minecraft:damage_dealt":160,"minecraft:leave_game":1,"minecraft:time_since_death":5432,"minecraft:total_world_time":5432,"minecraft:fall_one_cm":1103,"minecraft:fly_one_cm":5571},"minecraft:killed":{"minecraft:sheep":2},"minecraft:mined":{"minecraft:grass":6,"minecraft:grass_block":3,"minecraft:dirt":3,"minecraft:tall_grass":1},"minecraft:picked_up":{"minecraft:black_wool":1,"minecraft:mutton":3,"minecraft:dirt":6,"minecraft:white_wool":1}},"DataVersion":3465}