{"stats":{"minecraft:used":{"minecraft:white_wool":1,"minecraft:black_wool":1,"minecraft:dirt":6},"minecraft:custom":{"minecraft:time_since_rest":17220,"minecraft:crouch_one_cm":238,"minecraft:sprint_one_cm":3884,"minecraft:play_time":17220,"minecraft:walk_one_cm":2005,"minecraft:sneak_time":100,"minecraft:mob_kills":2,"minecraft:jump":61,"minecraft:damage_dealt":160,"minecraft:leave_game":2,"minecraft:time_since_death":17220,"minecraft:total_world_time":17220,"minecraft:fall_one_cm":1312,"minecraft:fly_one_cm":7360},"minecraft:killed":{"minecraft:sheep":2},"minecraft:mined":{"minecraft:grass":7,"minecraft:grass_block":3,"minecraft:dirt":3,"minecraft:tall_grass":1},"minecraft:picked_up":{"minecraft:black_wool":1,"minecraft:mutton":3,"minecraft:dirt":6,"minecraft:white_wool":1}},"DataVersion":3465}