{"stats":{"minecraft:crafted":{"minecraft:crafting_table":5,"minecraft:wooden_pickaxe":1,"minecraft:acacia_trapdoor":2,"pixelmon:yellow_berry_wood_planks":12,"minecraft:furnace":2,"minecraft:acacia_boat":1,"minecraft:stick":12,"minecraft:wooden_axe":1,"minecraft:stone_pickaxe":1,"minecraft:acacia_planks":36,"minecraft:torch":16},"minecraft:used":{"minecraft:acacia_boat":1,"minecraft:acacia_trapdoor":5,"minecraft:stone_pickaxe":59,"minecraft:chest":1,"minecraft:wooden_pickaxe":26,"pixelmon:red_berry_wood_stairs":2,"pixelmon:red_berry_wood_planks":2,"minecraft:torch":4,"minecraft:yellow_terracotta":2,"minecraft:crafting_table":6,"minecraft:yellow_carpet":1,"pixelmon:yellow_berry_wood_door":3,"minecraft:wooden_axe":35,"minecraft:bread":21,"minecraft:red_terracotta":2,"minecraft:furnace":4,"minecraft:yellow_bed":7,"minecraft:acacia_planks":1},"minecraft:custom":{"minecraft:interact_with_furnace":4,"minecraft:interact_with_anvil":1,"minecraft:interact_with_crafting_table":13,"minecraft:open_barrel":19,"minecraft:interact_with_loom":1,"minecraft:leave_game":15,"minecraft:time_since_death":117837,"minecraft:sleep_in_bed":3,"minecraft:climb_one_cm":9136,"minecraft:time_since_rest":46631,"minecraft:sprint_one_cm":361562,"minecraft:damage_taken":309,"minecraft:walk_one_cm":172869,"minecraft:drop":7,"minecraft:damage_dealt":0,"minecraft:swim_one_cm":40778,"minecraft:fly_one_cm":292520,"minecraft:open_chest":60,"minecraft:crouch_one_cm":532,"minecraft:play_time":117837,"minecraft:sneak_time":729,"minecraft:walk_under_water_one_cm":18227,"minecraft:boat_one_cm":1204200,"minecraft:jump":1349,"minecraft:walk_on_water_one_cm":8884,"minecraft:total_world_time":117837,"minecraft:fall_one_cm":25778},"minecraft:dropped":{"minecraft:bread":23,"pixelmon:potion":5,"pixelmon:yellow_berry_wood_door":1,"minecraft:dirt":1,"pixelmon:tumblestone":1,"pixelmon:poke_ball":20},"minecraft:picked_up":{"minecraft:birch_log":5,"minecraft:crafting_table":2,"minecraft:salmon":10,"pixelmon:poke_ball":20,"minecraft:chainmail_chestplate":1,"minecraft:yellow_bed":8,"minecraft:fire_coral":4,"minecraft:horn_coral":1,"minecraft:dirt":3,"pixelmon:red_berry_wood_planks":2,"pixelmon:big_malasada":1,"minecraft:armor_stand":1,"minecraft:pufferfish":5,"pixelmon:sapphire_boots":1,"minecraft:acacia_planks":12,"minecraft:sea_pickle":3,"minecraft:wheat_seeds":11,"minecraft:acacia_trapdoor":3,"pixelmon:potion":5,"pixelmon:shell_bell":1,"minecraft:sugar_cane":11,"minecraft:chest":1,"minecraft:furnace":2,"pixelmon:bauxite_ore":4,"pixelmon:black_apricorn":3,"minecraft:stick":7,"minecraft:raw_iron":2,"pixelmon:heart_scale":2,"minecraft:composter":1,"minecraft:torch":1,"minecraft:acacia_log":9,"pixelmon:yellow_berry_wood_door":6,"pixelmon:apricorn_log":3,"pixelmon:apricorn_leaves_black":2,"minecraft:red_terracotta":2,"pixelmon:red_berry_wood_stairs":2,"pixelmon:old_rod":1,"pixelmon:silver_ore":10,"pixelmon:tumblestone":1,"minecraft:yellow_carpet":1,"minecraft:hay_block":5,"pixelmon:mug_pika":1,"minecraft:yellow_terracotta":2,"minecraft:bread":23,"minecraft:cod":10,"minecraft:coal":22,"minecraft:cobblestone":29},"minecraft:mined":{"minecraft:yellow_terracotta":3,"pixelmon:apricorn_leaves_black":2,"pixelmon:red_berry_wood_planks":2,"minecraft:crafting_table":2,"minecraft:torch":1,"minecraft:acacia_log":9,"minecraft:grass_block":3,"minecraft:yellow_carpet":1,"minecraft:chest":1,"minecraft:composter":1,"minecraft:sugar_cane":4,"minecraft:hay_block":5,"minecraft:red_terracotta":2,"minecraft:furnace":2,"minecraft:acacia_trapdoor":3,"minecraft:sea_pickle":1,"minecraft:birch_log":5,"minecraft:iron_ore":2,"minecraft:andesite":2,"pixelmon:red_berry_wood_stairs":2,"minecraft:yellow_bed":8,"pixelmon:mug_pika":1,"minecraft:grass":70,"minecraft:coal_ore":22,"minecraft:mycelium":1,"pixelmon:apricorn_log":3,"pixelmon:bauxite_ore":4,"minecraft:dirt":1,"minecraft:acacia_planks":1,"pixelmon:silver_ore":10,"minecraft:stone":30,"pixelmon:yellow_berry_wood_door":4,"minecraft:oak_leaves":1,"minecraft:fern":1}},"DataVersion":3465}