{"stats":{"minecraft:crafted":{"minecraft:crafting_table":4,"minecraft:wooden_pickaxe":1,"minecraft:acacia_trapdoor":2,"minecraft:acacia_boat":1,"minecraft:stick":4,"minecraft:wooden_axe":1,"minecraft:acacia_planks":36},"minecraft:custom":{"minecraft:interact_with_anvil":1,"minecraft:interact_with_crafting_table":8,"minecraft:open_barrel":19,"minecraft:interact_with_loom":1,"minecraft:leave_game":11,"minecraft:time_since_death":97433,"minecraft:sleep_in_bed":3,"minecraft:climb_one_cm":9136,"minecraft:time_since_rest":26227,"minecraft:sprint_one_cm":291500,"minecraft:damage_taken":309,"minecraft:walk_one_cm":146001,"minecraft:drop":7,"minecraft:damage_dealt":0,"minecraft:swim_one_cm":19220,"minecraft:fly_one_cm":228069,"minecraft:open_chest":53,"minecraft:crouch_one_cm":514,"minecraft:play_time":97433,"minecraft:sneak_time":664,"minecraft:walk_under_water_one_cm":10457,"minecraft:boat_one_cm":1067490,"minecraft:jump":1089,"minecraft:walk_on_water_one_cm":3818,"minecraft:total_world_time":97433,"minecraft:fall_one_cm":19334},"minecraft:used":{"minecraft:acacia_boat":1,"minecraft:acacia_trapdoor":5,"minecraft:chest":1,"minecraft:wooden_pickaxe":25,"pixelmon:red_berry_wood_stairs":2,"pixelmon:red_berry_wood_planks":2,"minecraft:yellow_terracotta":2,"minecraft:crafting_table":4,"minecraft:yellow_carpet":1,"pixelmon:yellow_berry_wood_door":3,"minecraft:wooden_axe":24,"minecraft:bread":17,"minecraft:red_terracotta":2,"minecraft:yellow_bed":7,"minecraft:acacia_planks":1},"minecraft:dropped":{"minecraft:bread":23,"pixelmon:potion":5,"pixelmon:yellow_berry_wood_door":1,"minecraft:dirt":1,"pixelmon:tumblestone":1,"pixelmon:poke_ball":20},"minecraft:picked_up":{"minecraft:crafting_table":1,"minecraft:salmon":10,"pixelmon:poke_ball":20,"minecraft:chainmail_chestplate":1,"minecraft:yellow_bed":8,"minecraft:horn_coral":1,"minecraft:fire_coral":4,"minecraft:dirt":3,"minecraft:armor_stand":1,"pixelmon:big_malasada":1,"pixelmon:red_berry_wood_planks":2,"minecraft:pufferfish":5,"pixelmon:sapphire_boots":1,"minecraft:acacia_planks":12,"minecraft:sea_pickle":3,"minecraft:acacia_trapdoor":3,"minecraft:wheat_seeds":11,"pixelmon:potion":5,"pixelmon:shell_bell":1,"minecraft:sugar_cane":11,"minecraft:chest":1,"pixelmon:black_apricorn":3,"minecraft:stick":7,"pixelmon:heart_scale":2,"minecraft:composter":1,"minecraft:acacia_log":9,"pixelmon:yellow_berry_wood_door":6,"minecraft:red_terracotta":2,"pixelmon:red_berry_wood_stairs":2,"pixelmon:old_rod":1,"pixelmon:tumblestone":1,"minecraft:yellow_carpet":1,"pixelmon:mug_pika":1,"minecraft:yellow_terracotta":2,"minecraft:bread":23,"minecraft:cod":10,"minecraft:cobblestone":13},"minecraft:mined":{"minecraft:yellow_terracotta":3,"pixelmon:red_berry_wood_planks":2,"minecraft:crafting_table":1,"minecraft:acacia_log":9,"minecraft:grass_block":3,"minecraft:yellow_carpet":1,"minecraft:chest":1,"minecraft:composter":1,"minecraft:sugar_cane":4,"minecraft:red_terracotta":2,"minecraft:acacia_trapdoor":3,"minecraft:sea_pickle":1,"pixelmon:red_berry_wood_stairs":2,"minecraft:yellow_bed":8,"pixelmon:mug_pika":1,"minecraft:grass":70,"minecraft:mycelium":1,"minecraft:dirt":1,"minecraft:acacia_planks":1,"minecraft:stone":13,"pixelmon:yellow_berry_wood_door":4,"minecraft:fern":1}},"DataVersion":3465}