{"stats":{"minecraft:mined":{"minecraft:yellow_terracotta":3,"pixelmon:apricorn_leaves_black":2,"pixelmon:red_berry_wood_planks":2,"pixelmon:red_healer":1,"minecraft:crafting_table":4,"minecraft:torch":2,"minecraft:granite":2,"minecraft:acacia_log":9,"minecraft:grass_block":3,"minecraft:yellow_carpet":1,"minecraft:chest":1,"minecraft:lapis_ore":2,"minecraft:sugar_cane":4,"minecraft:composter":1,"minecraft:diorite":3,"minecraft:hay_block":5,"minecraft:red_terracotta":2,"minecraft:redstone_ore":4,"minecraft:furnace":5,"minecraft:acacia_trapdoor":3,"minecraft:sea_pickle":1,"minecraft:birch_log":5,"minecraft:iron_ore":100,"minecraft:andesite":3,"pixelmon:red_berry_wood_stairs":2,"minecraft:yellow_bed":8,"pixelmon:mug_pika":1,"minecraft:grass":70,"minecraft:coal_ore":52,"minecraft:deepslate_iron_ore":10,"minecraft:mycelium":1,"pixelmon:apricorn_log":3,"pixelmon:bauxite_ore":39,"minecraft:dirt":1,"minecraft:acacia_planks":1,"pixelmon:silver_ore":31,"minecraft:stone":84,"minecraft:oak_leaves":1,"pixelmon:yellow_berry_wood_door":4,"minecraft:fern":1},"minecraft:dropped":{"minecraft:bread":23,"pixelmon:potion":9,"minecraft:granite":2,"pixelmon:yellow_berry_wood_door":1,"minecraft:dirt":1,"minecraft:diorite":2,"pixelmon:tumblestone":1,"minecraft:andesite":1,"pixelmon:poke_ball":20},"minecraft:picked_up":{"minecraft:birch_log":5,"pixelmon:poke_ball_lid":1,"minecraft:crafting_table":4,"minecraft:andesite":1,"minecraft:salmon":10,"pixelmon:poke_ball":23,"pixelmon:aluminium_ingot":40,"minecraft:chainmail_chestplate":1,"minecraft:yellow_bed":8,"minecraft:fire_coral":4,"minecraft:horn_coral":1,"minecraft:lapis_lazuli":9,"minecraft:dirt":3,"pixelmon:big_malasada":1,"pixelmon:red_berry_wood_planks":2,"minecraft:armor_stand":1,"minecraft:pufferfish":5,"minecraft:acacia_planks":12,"pixelmon:sapphire_boots":1,"minecraft:sea_pickle":3,"minecraft:wheat_seeds":11,"minecraft:acacia_trapdoor":3,"pixelmon:potion":9,"minecraft:iron_ingot":19,"pixelmon:shell_bell":1,"minecraft:sugar_cane":11,"minecraft:chest":1,"minecraft:furnace":5,"pixelmon:bauxite_ore":39,"pixelmon:black_apricorn":3,"minecraft:stick":7,"minecraft:raw_iron":110,"pixelmon:heart_scale":2,"minecraft:composter":1,"minecraft:torch":2,"minecraft:acacia_log":9,"pixelmon:yellow_berry_wood_door":6,"minecraft:stone_button":1,"pixelmon:apricorn_log":3,"minecraft:diorite":3,"minecraft:redstone":19,"minecraft:red_terracotta":2,"pixelmon:apricorn_leaves_black":2,"pixelmon:red_berry_wood_stairs":2,"pixelmon:old_rod":1,"pixelmon:silver_ore":31,"pixelmon:tumblestone":1,"minecraft:yellow_carpet":1,"pixelmon:silver_ingot":9,"minecraft:hay_block":5,"minecraft:granite":2,"pixelmon:red_pc":1,"pixelmon:mug_pika":1,"minecraft:yellow_terracotta":2,"minecraft:bread":23,"pixelmon:silver_base":1,"minecraft:coal":66,"minecraft:cod":10,"minecraft:cobblestone":82},"minecraft:broken":{"minecraft:stone_pickaxe":1},"minecraft:crafted":{"minecraft:crafting_table":5,"minecraft:wooden_pickaxe":1,"pixelmon:poke_ball":1,"pixelmon:yellow_berry_wood_planks":12,"minecraft:acacia_trapdoor":2,"minecraft:furnace":3,"minecraft:acacia_boat":1,"minecraft:bread":15,"minecraft:air":0,"minecraft:stick":20,"minecraft:iron_ingot":91,"minecraft:iron_pickaxe":1,"minecraft:stone_pickaxe":1,"minecraft:wooden_axe":1,"pixelmon:silver_ingot":22,"minecraft:acacia_planks":36,"minecraft:torch":24,"minecraft:wheat":45},"minecraft:custom":{"minecraft:interact_with_furnace":22,"minecraft:interact_with_anvil":1,"minecraft:interact_with_crafting_table":18,"minecraft:open_barrel":19,"minecraft:interact_with_loom":1,"minecraft:leave_game":20,"minecraft:time_since_death":170751,"minecraft:sleep_in_bed":3,"minecraft:climb_one_cm":9136,"minecraft:time_since_rest":99545,"minecraft:sprint_one_cm":491589,"minecraft:damage_taken":389,"minecraft:walk_one_cm":329546,"minecraft:drop":12,"minecraft:damage_dealt":0,"minecraft:swim_one_cm":40778,"minecraft:fly_one_cm":368346,"minecraft:open_chest":60,"minecraft:crouch_one_cm":532,"minecraft:play_time":170751,"minecraft:sneak_time":753,"minecraft:walk_under_water_one_cm":22143,"minecraft:boat_one_cm":1204200,"minecraft:jump":2092,"minecraft:walk_on_water_one_cm":12780,"minecraft:total_world_time":170751,"minecraft:fall_one_cm":34524},"minecraft:used":{"minecraft:acacia_boat":1,"minecraft:diorite":1,"minecraft:acacia_trapdoor":5,"minecraft:stone_pickaxe":131,"minecraft:chest":1,"minecraft:wooden_pickaxe":26,"pixelmon:red_berry_wood_stairs":2,"pixelmon:red_berry_wood_planks":2,"minecraft:torch":16,"minecraft:dirt":2,"minecraft:yellow_terracotta":2,"minecraft:crafting_table":7,"minecraft:yellow_carpet":1,"pixelmon:yellow_berry_wood_door":3,"minecraft:wooden_axe":37,"minecraft:bread":28,"minecraft:iron_pickaxe":194,"minecraft:red_terracotta":2,"minecraft:cobblestone":6,"minecraft:furnace":5,"pixelmon:apricorn_leaves_black":2,"minecraft:yellow_bed":7,"minecraft:acacia_planks":1}},"DataVersion":3465}