{"stats":{"minecraft:crafted":{"minecraft:acacia_planks":8},"minecraft:picked_up":{"pixelmon:poke_ball_lid":1,"pixelmon:acro_bike":1,"minecraft:torch":2,"minecraft:acacia_log":2,"pixelmon:poke_ball":11,"pixelmon:iron_base":1,"minecraft:chainmail_chestplate":1,"minecraft:stone_button":1,"minecraft:magenta_bed":1,"minecraft:dirt":2,"minecraft:polished_andesite":4,"minecraft:armor_stand":1,"pixelmon:paralyze_heal":3,"minecraft:wheat_seeds":2,"minecraft:black_wool":2},"minecraft:dropped":{"minecraft:potato":7,"pixelmon:iron_base":1,"minecraft:dirt":2,"pixelmon:poke_ball_lid":1,"minecraft:wheat_seeds":2,"minecraft:stone_button":1,"minecraft:gold_nugget":3,"pixelmon:paralyze_heal":3},"minecraft:custom":{"minecraft:time_since_rest":31799,"minecraft:interact_with_furnace":5,"minecraft:sprint_one_cm":76571,"minecraft:damage_taken":140,"minecraft:walk_one_cm":140202,"minecraft:interact_with_anvil":1,"minecraft:drop":10,"minecraft:damage_dealt":0,"minecraft:interact_with_cartography_table":2,"minecraft:fly_one_cm":153547,"minecraft:open_barrel":15,"minecraft:open_chest":4,"minecraft:crouch_one_cm":126,"minecraft:play_time":57016,"minecraft:interact_with_loom":2,"minecraft:bell_ring":1,"minecraft:sneak_time":18,"minecraft:jump":694,"minecraft:interact_with_grindstone":1,"minecraft:interact_with_blast_furnace":1,"minecraft:leave_game":7,"minecraft:time_since_death":57016,"minecraft:sleep_in_bed":1,"minecraft:interact_with_smoker":1,"minecraft:total_world_time":57016,"minecraft:fall_one_cm":19845,"minecraft:horse_one_cm":3670},"minecraft:mined":{"minecraft:magenta_bed":1,"minecraft:black_wool":2,"minecraft:grass":10,"minecraft:acacia_log":2,"minecraft:grass_block":2,"minecraft:tall_grass":7,"minecraft:cobblestone":6,"minecraft:polished_andesite":5,"minecraft:wall_torch":2},"minecraft:used":{"minecraft:cooked_mutton":1,"minecraft:black_wool":2,"minecraft:armor_stand":1,"minecraft:bread":5,"minecraft:salmon":1,"minecraft:torch":2,"pixelmon:aluminium_hammer":11,"minecraft:cod":1,"pixelmon:tumblestone":2}},"DataVersion":3465}